{
  "status": "ok",
  "ch": "market.btcusdt.detail.merged",
  "ts": 1616582958439,
  "tick": {
    "amount": 26912.505969044472,
    "open": 54765.2,
    "close": 56362.51,
    "high": 56660,
    "id": 246703490693,
    "count": 1179760,
    "low": 53525.8,
    "version": 246703490693,
    "ask": [
      56362.51,
      0.081785
    ],
    "vol": 1480980807.6554968,
    "bid": [
      56362.5,
      2.532183
    ]
  }
}